<?xml version="1.0" encoding="utf-8"?>

<!--
This file is part of "Live Product+" project and subject to the terms
and conditions defined in file "LICENSE.txt", which is part of this source
code package and also available on the project page: https://git.io/JTFp8.-->

<modification>
	<name>[underr] Live Product+ &lt; Enhanced Options+</name>
	<code>live-product--enhanced-options</code>
	<version>1.3.0</version>
	<author>Andrii Burkatskyi aka underr</author>
	<link>https://git.io/JfjUj</link>
	<description>Live Product+ add-on to acompatibility with Enhanced Options+ module</description>

	<file path="catalog/controller/extension/module/live_product.php" error="log">
		<operation error="log">
			<search info="">
				<![CDATA[foreach ($this->config->get('module_live_product')['other'] as $key => $value) {]]>
			</search>
			<add position="before">
				<![CDATA[			/// <<< Enhanced Options+
			$enhanced_options_status = $this->config->get('module_enhanced_options_status');

			$this->flexible_options = $enhanced_options_status ? $this->config->get('module_enhanced_options')['flexible_options'] : false;
			$this->notices = $enhanced_options_status ? $this->config->get('module_enhanced_options')['notices'] : false;
			$this->flat_rate = $enhanced_options_status ? $this->config->get('module_enhanced_options')['flat_rate'] : false;

			if ($enhanced_options_status) {
				foreach ($this->config->get('module_enhanced_options')['text'][$this->config->get('config_language_id')] as $key => $value) {
					$this->{'text_' . $key} = $value;
				}
			}
			/// Enhanced Options+ >>>]]>
			</add>
		</operation>
		<operation error="log">
			<search info="">
				<![CDATA[$price = (float)$product_info['price'];]]>
			</search>
			<add position="after">
				<![CDATA[			$co = 1;  /// Enhanced Options+]]>
			</add>
		</operation>
		<operation error="log">
			<search info="">
				<![CDATA[$special = (float)$product_info['special'];]]>
			</search>
			<add position="after">
				<![CDATA[				$co = $this->flexible_options ? $special / $price : 1;  /// Enhanced Options+]]>
			</add>
		</operation>
		<operation error="log">
			<search info="">
				<![CDATA['quantity' => (int)$product_discount['quantity'],]]>
			</search>
			<add position="after">
				<![CDATA[						'co'       => $this->flexible_options ? $product_discount['price'] / $product_info['price'] : 1,  /// Enhanced Options+]]>
			</add>
		</operation>
		<operation error="log">
			<search info="">
				<![CDATA[$discount_qty = $product_discount['quantity'];]]>
			</search>
			<add position="after">
				<![CDATA[						$co = $this->flexible_options ? $price / $product_info['price'] : 1;  /// Enhanced Options+]]>
			</add>
		</operation>

		<operation error="log">
			<search index="0" info="">
				<![CDATA[$option_price = (float)$product_option_value['price'];]]>
			</search>
			<add position="after">
				<![CDATA[							$option_price *= $discount_qty ? $co : 1;  /// Enhanced Options+]]>
				<!-- <![CDATA[							$option_price *= ($co != 1) ? $co : 1;  /// Enhanced Options+]]> -->
			</add>
		</operation>

		<operation error="log" info="free">
			<search info="">
				<![CDATA[if ($price_prefix === '=') {]]>
			</search>
			<add position="after">
				<![CDATA[										$is_free_option = true;  /// <<< Enhanced Options+]]>
			</add>
		</operation>

		<operation error="log" info="free/preorder/original/sale">
			<search info="">
				<![CDATA[$is_selected = $this->isSelected(]]>
			</search>
			<add position="before">
				<![CDATA[							/// <<< Enhanced Options+
							if (!$this->option_hide_price) {
								if ($option_original_price && $option_price && $this->text_original_price) {
									if ('select' == $option_type) {
										$product_option_value_data[] = array(
											'name'                    => $product_option_value['name'],
											'option_value_id'         => $product_option_value['option_value_id'],
											'points'                  => $option_points,
											'points_prefix'           => $points_prefix,
											'price'                   => $option_original_price . ' - ' . $this->text_original_price,
											'price_prefix'            => $price_prefix,
											'product_option_value_id' => $product_option_value['product_option_value_id'] . '-disabled',
										);

										if ($this->text_new_price) {
											$option_price = $option_price .  ' - ' . $this->text_new_price;
										}
									} elseif ('checkbox' == $option_type || 'radio' == $option_type) {
										$option_price .= ' <span class="option-original-price" style="text-decoration:line-through;">' .
											$option_original_price . '</span>';
									}
								}

								if ($is_free_option && $this->notices && $this->text_free_option) {
									$option_price = $this->text_free_option;
								}
							}

							if (!$option_subtract && $option_quantity == 0 &&
								!$is_free_option &&
								$this->notices && $this->text_preorder_option
							) {
								$option_price .= ', ' . $this->text_preorder_option;
							}
							/// Enhanced Options+ >>>]]>
			</add>
		</operation>

		<operation error="log">
			<search info="">
				<![CDATA[$points_prefix = $product_option_value['points_prefix'];]]>
			</search>
			<add position="after">
				<![CDATA[							$option_original_price = false;  /// Enhanced Options+
							$is_free_option = false;  /// Enhanced Options+]]>
			</add>
		</operation>

		<operation error="log">
			<search info="">
				<![CDATA[$option_tax = $config_tax ? 'P' : false;]]>
			</search>
			<add position="after">
				<![CDATA[								/// <<< Enhanced Options+
								if (isset($product_option_value['original_price'])) {
									$option_original_price = $this->currency->format(
										$this->tax->calculate(
											$option_price / $co, $product_info['tax_class_id'], $option_tax
										),
										$this->session->data['currency']
									);

									$option_original_price = $price_prefix . $option_original_price;
								}
								/// Enhanced Options+ >>>]]>
			</add>
		</operation>

		<operation error="log">
			<search info="">
				<![CDATA[=> $option_price,]]>
			</search>
			<add position="after">
				<![CDATA[								'original_price'          => $option_original_price, /// Enhanced Options+]]>
			</add>
		</operation>

		<!-- <operation error="log">
			<search info="">
				<![CDATA[($this->option_hide_price || !$option_price) ? '' : $price_prefix . $option_price]]>
			</search>
			<add position="replace">
				<![CDATA[($this->option_hide_price || !$option_price) ? '' : $price_prefix . $option_price . ((!$option_original_price || $option_type === 'select') ? '' : ' <span class="option-price-old" style="text-decoration:line-through;">' . $option_original_price . '</span>')]]>
			</add>
		</operation> -->

		<operation error="log">
			<search info="">
				<![CDATA[$option_price_total, $option_price, $price_prefix]]>
			</search>
			<add position="replace">
				<![CDATA[$option_price_total, $option_price / $co, $price_prefix]]>
			</add>
		</operation>

		<operation error="log">
			<search info="">
				<![CDATA[$discounted_price_total[$discount['quantity']], $option_price, $price_prefix]]>
			</search>
			<add position="replace">
				<![CDATA[$discounted_price_total[$discount['quantity']], $option_price * $discount['co'], $price_prefix]]>
			</add>
		</operation>

		<operation error="log">
			<search info="">
				<![CDATA[$option_sale_total, $option_price, $price_prefix]]>
			</search>
			<add position="replace">
				<![CDATA[$option_sale_total, $discount_qty ? $option_price * $co : $option_price, $price_prefix]]>
			</add>
		</operation>
	</file>

	<file path="catalog/controller/extension/module/live_product.php" error="log">
		<operation error="log">
			<search>
				<![CDATA[foreach ($product_options as $product_option) {]]>
			</search>
			<add position="after">
				<![CDATA[					/// <<< Enhanced Options+ (flat rate)
					if ($this->flat_rate && isset($product_option['flat_rate'])) {
						$is_flat_rate = $product_option['flat_rate'];
					} else {
						$is_flat_rate = false;
					}
					/// Enhanced Options+ (flat rate) >>>]]>
			</add>
		</operation>
		<operation error="log">
			<search>
				<![CDATA[if ($this->product_total && $this->option_total) {]]>
			</search>
			<add position="replace">
				<![CDATA[if ($this->product_total && $this->option_total && !$is_flat_rate) {  ///  Enhanced Options+ (flat rate)]]>
			</add>
		</operation>

		<operation error="log">
			<search>
				<![CDATA[if (is_array($post_option))]]>
			</search>
			<add position="before">
				<![CDATA[								/// <<< Enhanced Options+ (flat rate)
								if ($is_flat_rate) {
									$option_price /= $quantity;
									$option_points = round($option_points / $quantity);
								}
								/// Enhanced Options+ (flat rate) >>>]]>
			</add>
		</operation>

		<operation error="log">
			<search>
				<![CDATA['required'             => $product_option['required'],]]>
			</search>
			<add position="after">
				<![CDATA[						'flat_rate'           => isset($product_option['flat_rate']) ? $product_option['flat_rate'] : false, /// Once Counted Options+ compatibility]]>
			</add>
		</operation>
	</file>
</modification>
