<?xml version="1.0" encoding="utf-8"?>

<!--
This file is part of "Live Product+" project and subject to the terms
and conditions defined in file "LICENSE.txt", which is part of this source
code package and also available on the project page: https://git.io/JTFp8.-->

<modification>
	<name>[underr] Live Product+ &lt; Enhanced Options+</name>
	<code>live-product--enhanced-options</code>
	<version>1.1.0</version>
	<author>Andrii Burkatskyi aka underr</author>
	<link>https://git.io/JfjUj</link>
	<description>Live Product+ add-on to acompatibility with Enhanced Options+ module</description>

	<file path="catalog/controller/extension/module/live_product.php" error="log">
		<operation error="log">
			<search info="">
				<![CDATA[foreach ($this->config->get('module_live_product')['other'] as $key => $value) {]]>
			</search>
			<add position="before">
				<![CDATA[			/// Enhanced Options+
			if ($this->config->get('module_enhanced_options_status')) {
				if ($this->config->get('module_enhanced_options')['flexible_options']) {
					$this->option_ratio = TRUE;
				}

				if (isset($this->config->get('module_enhanced_options')['text'][$this->config->get('config_language_id')])) {
					foreach ($this->config->get('module_enhanced_options')['text'][$this->config->get('config_language_id')] as $key => $value) {
						$this->{'text_' . $key} = $value;
					}
				}
			} else {
				$this->option_ratio = FALSE;
			}]]>
			</add>
		</operation>
		<operation error="log">
			<search info="">
				<![CDATA[$price = (float)$product_info['price'];]]>
			</search>
			<add position="after">
				<![CDATA[			$co = 1;  /// Enhanced Options+]]>
			</add>
		</operation>
		<operation error="log">
			<search info="">
				<![CDATA[$special = (float)$product_info['special'];]]>
			</search>
			<add position="after">
				<![CDATA[				$co = $this->option_ratio ? $special / $price : 1;  /// Enhanced Options+]]>
			</add>
		</operation>
		<operation error="log">
			<search info="">
				<![CDATA['quantity' => (int)$product_discount['quantity'],]]>
			</search>
			<add position="after">
				<![CDATA[						'co'       => $this->option_ratio ? $product_discount['price'] / $product_info['price'] : 1,  /// Enhanced Options+]]>
			</add>
		</operation>
		<operation error="log">
			<search info="">
				<![CDATA[$discount_qty = $product_discount['quantity'];]]>
			</search>
			<add position="after">
				<![CDATA[						$co = $this->option_ratio ? $price / $product_info['price'] : 1;  /// Enhanced Options+]]>
			</add>
		</operation>

		<operation error="log">
			<search index="0" info="">
				<![CDATA[$option_price = (float)$product_option_value['price'];]]>
			</search>
			<add position="after">
				<![CDATA[							$option_price *= $discount_qty ? $co : 1;  /// Enhanced Options+]]>
			</add>
		</operation>

		<operation error="log" info="free">
			<search info="">
				<![CDATA[if ($price_prefix === '=') {]]>
			</search>
			<add position="after">
				<![CDATA[										$is_free = TRUE;  /// <<< Enhanced Options+]]>
			</add>
		</operation>

		<operation error="log" info="free">
			<search info="">
				<![CDATA[$is_selected = $this->isSelected(]]>
			</search>
			<add position="before">
				<![CDATA[							/// <<< Enhanced Options+
							if ($is_free &&
								$this->config->get('module_enhanced_options_status') &&
								$this->config->get('module_enhanced_options')['notices'] &&
								$this->config->get('module_enhanced_options')['text'][$this->config->get('config_language_id')]['free_option']
							) {
								$option_price = $this->config->get('module_enhanced_options')['text'][$this->config->get('config_language_id')]['free_option'];
							}

							if ($option_type === 'select') {
								if (!$this->option_hide_price && $option_price && $option_oldprice) {
									$product_option_value_data[] = array(
										'name'                    => $product_option_value['name'],
										'option_value_id'         => $product_option_value['option_value_id'],
										'points'                  => $option_points,
										'points_prefix'           => $points_prefix,
										'price'                   => $option_oldprice . ' - ' . $this->text_oldprice,
										'price_prefix'            => $price_prefix,
										'product_option_value_id' => $product_option_value['product_option_value_id'] . '-disabled',
									);

									$option_price = $option_price .  ' - ' . $this->text_newprice;
								}

							} else {
								if ($this->option_hide_price)  {
									$option_price = '';
								} else {

									if ($option_oldprice && $option_price) {
										$option_price .= ' <span class="option-price-old" style="text-decoration:line-through;">' . $option_oldprice . '</span>';
									}
								}
							}

							if (!$option_subtract && $option_quantity == 0 && $option_price &&
								$this->config->get('module_enhanced_options_status') &&
								$this->config->get('module_enhanced_options')['notices'] &&
								$this->config->get('module_enhanced_options')['text'][$this->config->get('config_language_id')]['preorder_option']
							) {
								$option_price .= $this->config->get('module_enhanced_options')['text'][$this->config->get('config_language_id')]['preorder_option'];
							}
							/// Enhanced Options+ >>>]]>
			</add>
		</operation>

		<operation error="log">
			<search info="">
				<![CDATA[$points_prefix = $product_option_value['points_prefix'];]]>
			</search>
			<add position="after">
				<![CDATA[							$option_oldprice = FALSE;  /// Enhanced Options+
							$is_free = FALSE;  /// Enhanced Options+]]>
			</add>
		</operation>

		<operation error="log">
			<search info="">
				<![CDATA[$option_tax = $config_tax ? 'P' : false;]]>
			</search>
			<add position="after">
				<![CDATA[								/// Enhanced Options+
								if (!empty($product_option_value['oldprice'])) {
									$option_oldprice = $this->currency->format(
										$this->tax->calculate($option_price / $co, $product_info['tax_class_id'], $option_tax), $this->session->data['currency']
									);
								}]]>
			</add>
		</operation>

		<operation error="log">
			<search info="">
				<![CDATA[=> $option_price,]]>
			</search>
			<add position="after">
				<![CDATA[								'oldprice'                => $option_oldprice, /// Enhanced Options+]]>
			</add>
		</operation>

		<!-- <operation error="log">
			<search info="">
				<![CDATA[($this->option_hide_price || !$option_price) ? '' : $price_prefix . $option_price]]>
			</search>
			<add position="replace">
				<![CDATA[($this->option_hide_price || !$option_price) ? '' : $price_prefix . $option_price . ((!$option_oldprice || $option_type === 'select') ? '' : ' <span class="option-price-old" style="text-decoration:line-through;">' . $option_oldprice . '</span>')]]>
			</add>
		</operation> -->

		<operation error="log">
			<search info="">
				<![CDATA[$option_price_total, $option_price, $price_prefix]]>
			</search>
			<add position="replace">
				<![CDATA[$option_price_total, $option_price / $co, $price_prefix]]>
			</add>
		</operation>

		<operation error="log">
			<search info="">
				<![CDATA[$discounted_price_total[$discount['quantity']], $option_price, $price_prefix]]>
			</search>
			<add position="replace">
				<![CDATA[$discounted_price_total[$discount['quantity']], $option_price * $discount['co'], $price_prefix]]>
			</add>
		</operation>

		<operation error="log">
			<search info="">
				<![CDATA[$option_sale_total, $option_price, $price_prefix]]>
			</search>
			<add position="replace">
				<![CDATA[$option_sale_total, $discount_qty ? $option_price * $co : $option_price, $price_prefix]]>
			</add>
		</operation>
	</file>

	<file path="catalog/controller/extension/module/live_product.php" error="log">
		<operation error="log">
			<search>
				<![CDATA[class ControllerExtensionModuleLiveProduct extends Controller {]]>
			</search>
			<add position="after">
				<![CDATA[	private $flat_rate_status = false; /// Enhanced Options+ > flat rate options]]>
			</add>
		</operation>
		<operation error="log">
			<search>
				<![CDATA[$product_options = $this->model_catalog_product->getProductOptions($product_info['product_id']);]]>
			</search>
			<add position="after">
				<![CDATA[			/// << Enhanced Options+ > flat rate options
			if ($this->config->get('module_enhanced_options_status') &&
				isset($this->config->get('module_enhanced_options')['flat_rate'])
			) {
				$this->flat_rate_status = $this->config->get('module_enhanced_options')['flat_rate'];
			}
			/// Enhanced Options+ > flat rate options >>]]>
			</add>
		</operation>
		<operation error="log">
			<search>
				<![CDATA[foreach ($product_options as $product_option) {]]>
			</search>
			<add position="after">
				<![CDATA[					/// << Enhanced Options+ > flat rate options
					if ($this->flat_rate_status && isset($product_option['flat_rate'])) {
						$is_flat_rate = $product_option['flat_rate'];
					} else {
						$is_flat_rate = false;
					}
					/// Enhanced Options+ > flat rate options >>]]>
			</add>
		</operation>
		<operation error="log">
			<search>
				<![CDATA[if ($this->product_total && $this->option_total) {]]>
			</search>
			<add position="replace">
				<![CDATA[if ($this->product_total && $this->option_total && !$is_flat_rate) {  /// Enhanced Options+ > flat rate options >>]]>
			</add>
		</operation>

		<operation error="log">
			<search>
				<![CDATA[if (is_array($post_option))]]>
			</search>
			<add position="before">
				<![CDATA[								/// << Enhanced Options+ > flat rate options
								if ($is_flat_rate) {
									$option_price /= $quantity;
									$option_points = round($option_points / $quantity);
								}
								/// Enhanced Options+ > flat rate options >>]]>
			</add>
		</operation>

		<operation error="log">
			<search>
				<![CDATA['required'             => $product_option['required'],]]>
			</search>
			<add position="after">
				<![CDATA[						'flat_rate'           => isset($product_option['flat_rate']) ? $product_option['flat_rate'] : false, /// Once Counted Options+ compatibility]]>
			</add>
		</operation>
	</file>
</modification>
