<?xml version="1.0" encoding="utf-8"?>

<!--
This file is part of "Live Options+" project and subject to the terms
and conditions defined in file "LICENSE.txt", which is part of this source
code package and also available on the project page: https://git.io/JfjTZ.
-->

<modification>
	<name>[underr] Compatibility Fix: Live Options+ > UltraStore Themplate</name>
	<code>live-options-ultrastore</code>
	<version>1.0.0</version>
	<author>Andrii Burkatskyi aka underr</author>
	<link>https://git.io/JfjUj</link>

	<file path="admin/controller/extension/module/live_options.php" error="log" info="add event for QV">
		<operation error="log">
			<search>
				<![CDATA[$this->model_setting_event->addEvent('live_options_add_data']]>
			</search>
			<add position="after">
				<![CDATA[
		$this->model_setting_event->addEvent('live_options_add_data', 'catalog/view/octemplates/module/oct_popup_purchase/before', 'extension/module/live_options/addModuleData');
		$this->model_setting_event->addEvent('live_options_add_data', 'catalog/view/octemplates/module/oct_popup_view/before', 'extension/module/live_options/addModuleData');
		$this->model_setting_event->addEvent('live_options_hide_extax', 'catalog/view/octemplates/module/*/before', 'extension/module/live_options/hideExTax');]]>
			</add>
		</operation>
	</file>

	<file path="catalog/controller/extension/module/live_options.php" error="log" info="radio button tooltips">
		<operation error="log">
			<search>
				<![CDATA[showEl(id, text);]]>
			</search>
			<add position="after">
				<![CDATA[
					// UltraStore template radio button tooltips
					if (option.type === 'radio') {
						$(g_option_id + '-label-' + option_id + '-' + option_value.product_option_value_id).attr('data-original-title', text ? text.slice(1,-1) : text);
					}]]>
			</add>
		</operation>
	</file>

	<file path="catalog/view/theme/oct_ultrastore/template/product/product.twig" error="log">
		<operation error="log" info="disable native live update">
			<search>
				<![CDATA[function updateProductPrice()]]>
			</search>
			<add position="after">
				<![CDATA[	return;]]>
			</add>
		</operation>
	</file>

	<file path="catalog/view/theme/oct_ultrastore/template/product/product.twig" error="log">
		<operation error="log" info="Radio-option label">
			<search>
				<![CDATA[{% if option_value.price %}title="{{ option_value.price_prefix }}{{ option_value.price }}"{% endif %}]]>
			</search>
			<add position="replace">
				<![CDATA[{% if live_options.status %}id="{{ live_options.css.option_id }}-label-{{ option.product_option_id }}-{{option_value.product_option_value_id}}"{% else %}title="{{ option_value.price_prefix }}{{ option_value.price }}"{% endif %}]]>
			</add>
		</operation>
	</file>

<!-- QiuickView -->

	<file path="catalog/view/theme/oct_ultrastore/template/octemplates/module/oct_popup_view.twig" error="log">
		<operation error="log" info="disable native live update">
			<search>
				<![CDATA[function updateViewPrice()]]>
			</search>
			<add position="after">
				<![CDATA[	return;]]>
			</add>
		</operation>
	</file>

	<file path="catalog/view/theme/oct_ultrastore/template/octemplates/module/oct_popup_view.twig" error="log">
		<operation error="log">
			<search>
				<![CDATA[<option value="{{ option_value.product_option_value_id }}">]]>
			</search>
			<add position="replace">
				<![CDATA[<option {% if live_options.status %}id="{{ live_options.css.option_id }}-{{ option.product_option_id }}-{{option_value.product_option_value_id}}"{% endif %} value="{{ option_value.product_option_value_id }}">]]>
			</add>
		</operation>
	</file>

	<file path="catalog/view/theme/oct_ultrastore/template/octemplates/module/oct_popup_view.twig" error="log" info="Prevent option caching on FF">
		<operation error="log">
			<search>
				<![CDATA[id="popup-input-quantity"]]>
			</search>
			<add position="replace">
				<![CDATA[autocomplete="off" id="popup-input-quantity"]]>
			</add>
		</operation>
		<operation error="log">
			<search>
				<![CDATA[name="option[{{ option.product_option_id }}]]]>
			</search>
			<add position="replace">
				<![CDATA[autocomplete="off" name="option[{{ option.product_option_id }}]]]>
			</add>
		</operation>
	</file>

	<file path="catalog/view/theme/oct_ultrastore/template/octemplates/module/oct_popup_view.twig" error="log">
		<operation error="log">
			<search>
				<![CDATA[({{ option_value.price_prefix }}{{ option_value.price }})]]>
			</search>
			<add position="replace">
				<![CDATA[
				  {% if live_options.status %}
                    <span id="{{ live_options.css.option_id }}-{{ option.product_option_id }}-{{option_value.product_option_value_id}}"></span>
                  {% else %}
                    ({{ option_value.price_prefix }}{{ option_value.price }})
                  {% endif %}
                {% else %}
                  {% if live_options.status %}
                    <span id="{{ live_options.css.option_id }}-{{ option.product_option_id }}-{{option_value.product_option_value_id}}"></span>
                  {% endif %}]]>
			</add>
		</operation>
	</file>

	<file path="catalog/view/theme/oct_ultrastore/template/octemplates/module/oct_popup_view.twig" error="log">
		<operation error="log" info="Radio-option label">
			<search>
				<![CDATA[{% if option_value.price %}title="{{ option_value.price_prefix }}{{ option_value.price }}"{% endif %}]]>
			</search>
			<add position="replace">
				<![CDATA[{% if live_options.status %}id="{{ live_options.css.option_id }}-label-{{ option.product_option_id }}-{{option_value.product_option_value_id}}"{% else %}title="{{ option_value.price_prefix }}{{ option_value.price }}"{% endif %}]]>
			</add>
		</operation>
	</file>

	<file path="catalog/view/theme/oct_ultrastore/template/octemplates/module/oct_popup_view.twig" error="log">
		<operation error="log">
			<search>
				<![CDATA[{{ price }}]]>
			</search>
			<add position="replace">
				<![CDATA[{% if live_options.status %}<span id="{{ live_options.css.price_id }}" data-id="{{ live_options.css.price_id }}">{{ price }}</span>{% else %}{{ price }}{% endif %}]]>
			</add>
		</operation>
	</file>

	<file path="catalog/view/theme/oct_ultrastore/template/octemplates/module/oct_popup_view.twig" error="log">
		<operation error="log">
			<search>
				<![CDATA[{{ special }}]]>
			</search>
			<add position="replace">
				<![CDATA[{% if live_options.status %}<span id="{{ live_options.css.special_id }}" data-id="{{ live_options.css.special_id }}">{{ special }}</span>{% else %}{{ special }}{% endif %}]]>
			</add>
		</operation>
	</file>

	<file path="catalog/view/theme/oct_ultrastore/template/octemplates/module/oct_popup_view.twig" error="log">
		<operation error="log">
			<search>
				<![CDATA[{% if discounts %}]]>
			</search>
			<add position="replace">
				<![CDATA[{% if discounts and not special %}]]>
			</add>
		</operation>
	</file>

	<file path="catalog/view/theme/oct_ultrastore/template/octemplates/module/oct_popup_view.twig" error="log">
		<operation error="log">
			<search>
				<![CDATA[{{ discount.price }}]]>
			</search>
			<add position="replace">
				<![CDATA[{% if live_options.status %}<span id="{{ live_options.css.discount_id }}-{{ discount.quantity }}" data-id="{{ live_options.css.discount_id }}-{{ discount.quantity }}">{{ discount.price }}</span>{% else %}{{ discount.price }}{% endif %}]]>
			</add>
		</operation>
	</file>

	<file path="catalog/view/theme/oct_ultrastore/template/octemplates/module/oct_popup_view.twig" error="log">
		<operation error="log">
			<search>
				<![CDATA[{{ reward }}]]>
			</search>
			<add position="replace">
				<![CDATA[{% if live_options.status %}<span id="{{ live_options.css.reward_id }}" data-id="{{ live_options.css.reward_id }}">{{ reward }}</span>{% else %}{{ reward }}{% endif %}]]>
			</add>
		</operation>
	</file>

	<file path="catalog/view/theme/oct_ultrastore/template/octemplates/module/oct_popup_view.twig" error="log">
		<operation error="log">
			<search>
				<![CDATA[{{ tax }}]]>
			</search>
			<add position="replace">
				<![CDATA[{% if live_options.status %}<span id="{{ live_options.css.tax_id }}" data-id="{{ live_options.css.tax_id }}">{{ tax }}</span>{% else %}{{ tax }}{% endif %}]]>
			</add>
		</operation>
	</file>

	<file path="catalog/view/theme/oct_ultrastore/template/octemplates/module/oct_popup_view.twig" error="log">
		<operation error="log">
			<search>
				<![CDATA[{{ points }}]]>
			</search>
			<add position="replace">
				<![CDATA[{% if live_options.status %}<span id="{{ live_options.css.points_id }}" data-id="{{ live_options.css.points_id }}">{{ points }}</span>{% else %}{{ points }}{% endif %}]]>
			</add>
		</operation>
	</file>

	<file path="catalog/view/theme/oct_ultrastore/template/octemplates/module/oct_popup_view.twig" error="log">
		<operation error="log">
			<search>
				<![CDATA[<script src="catalog/view/theme/oct_ultrastore/js/owl.carousel.min.js"></script>]]>
			</search>
			<add position="before">
				<![CDATA[{% if live_options.status %}<script type="text/javascript" src="{{ live_options.js }}"></script>{% endif %}]]>
			</add>
		</operation>
	</file>


<!-- Quick Purchase -->
	<file path="catalog/controller/extension/module/live_options.php" error="log" info="radio button tooltips">
		<operation error="log">
			<search>
				<![CDATA[var g_option_id;]]>
			</search>
			<add position="after">
				<![CDATA[var popup = '#one-click-main-block';]]>
			</add>
		</operation>
		<operation error="log">
			<search>
				<![CDATA[refreshQty = setInterval(function() {]]>
			</search>
			<add position="after">
				<![CDATA[			if ($(popup).length && $('body').hasClass('modal-open')) {
				tag_quantity = '#popup-input-quantity';
			} else {
				tag_quantity = 'input[name="quantity"]';
			}]]>
			</add>
		</operation>
		<operation error="log">
			<search>
				<![CDATA[g_option_id = '#{$this->option_id}';]]>
			</search>
			<add position="after">
				<![CDATA[
	if ($(popup).length && $('body').hasClass('modal-open')) {
		g_price_id = popup + ' ' + '#{$this->price_id}';
		g_special_id = popup + ' ' + '#{$this->special_id}';
		g_discount_id = popup + ' ' + '#{$this->discount_id}';
		g_tax_id = popup + ' ' + '#{$this->tax_id}';
		g_points_id = popup + ' ' + '#{$this->points_id}';
		g_reward_id = popup + ' ' + '#{$this->reward_id}';
		g_option_id = popup + ' ' + '#{$this->option_id}';
	}

	$("#us-one-click-modal").off('hidden.bs.modal').on('hidden.bs.modal', function() {
		if (g_log) {
			console.log('-- Live Options+ > Clear modal');
		}
		$('.modal-holder').empty();

		g_price_id = '#{$this->price_id}';
		g_special_id = '#{$this->special_id}';
		g_discount_id = '#{$this->discount_id}';
		g_tax_id = '#{$this->tax_id}';
		g_points_id = '#{$this->points_id}';
		g_reward_id = '#{$this->reward_id}';
		g_option_id = '#{$this->option_id}';
	});

	$("#us-one-click-modal").off('shown.bs.modal').on('shown.bs.modal', function() {
		if (g_log) {
			console.log('-- Live Options+ > Show modal');
		}

		g_price_id = popup + ' ' + '#{$this->price_id}';
		g_special_id = popup + ' ' + '#{$this->special_id}';
		g_discount_id = popup + ' ' + '#{$this->discount_id}';
		g_tax_id = popup + ' ' + '#{$this->tax_id}';
		g_points_id = popup + ' ' + '#{$this->points_id}';
		g_reward_id = popup + ' ' + '#{$this->reward_id}';
		g_option_id = popup + ' ' + '#{$this->option_id}';
	});]]>
			</add>
		</operation>
	</file>

	<file path="catalog/view/theme/oct_ultrastore/template/octemplates/module/oct_popup_purchase.twig" error="log">
		<operation error="log" info="disable native live update">
			<search>
				<![CDATA[function updatePurchasePrice()]]>
			</search>
			<add position="after">
				<![CDATA[	return;]]>
			</add>
		</operation>
	</file>

	<file path="catalog/view/theme/oct_ultrastore/template/octemplates/module/oct_popup_purchase.twig" error="log">
		<operation error="log">
			<search>
				<![CDATA[<option value="{{ option_value.product_option_value_id }}">]]>
			</search>
			<add position="replace">
				<![CDATA[<option {% if live_options.status %}id="{{ live_options.css.option_id }}-{{ option.product_option_id }}-{{option_value.product_option_value_id}}"{% endif %} value="{{ option_value.product_option_value_id }}">]]>
			</add>
		</operation>
	</file>

	<file path="catalog/view/theme/oct_ultrastore/template/octemplates/module/oct_popup_purchase.twig" error="log" info="Prevent option caching on FF">
		<operation error="log">
			<search>
				<![CDATA[id="popup-input-quantity"]]>
			</search>
			<add position="replace">
				<![CDATA[autocomplete="off" id="popup-input-quantity"]]>
			</add>
		</operation>
		<operation error="log">
			<search>
				<![CDATA[name="option[{{ option.product_option_id }}]]]>
			</search>
			<add position="replace">
				<![CDATA[autocomplete="off" name="option[{{ option.product_option_id }}]]]>
			</add>
		</operation>
	</file>

	<file path="catalog/view/theme/oct_ultrastore/template/octemplates/module/oct_popup_purchase.twig" error="log">
		<operation error="log">
			<search>
				<![CDATA[({{ option_value.price_prefix }}{{ option_value.price }})]]>
			</search>
			<add position="replace">
				<![CDATA[
				  {% if live_options.status %}
                    <span id="{{ live_options.css.option_id }}-{{ option.product_option_id }}-{{option_value.product_option_value_id}}"></span>
                  {% else %}
                    ({{ option_value.price_prefix }}{{ option_value.price }})
                  {% endif %}
                {% else %}
                  {% if live_options.status %}
                    <span id="{{ live_options.css.option_id }}-{{ option.product_option_id }}-{{option_value.product_option_value_id}}"></span>
                  {% endif %}]]>
			</add>
		</operation>
	</file>

	<file path="catalog/view/theme/oct_ultrastore/template/octemplates/module/oct_popup_purchase.twig" error="log">
		<operation error="log" info="Radio-option label">
			<search>
				<![CDATA[{% if option_value.price %}title="{{ option_value.price_prefix }}{{ option_value.price }}"{% endif %}]]>
			</search>
			<add position="replace">
				<![CDATA[{% if live_options.status %}id="{{ live_options.css.option_id }}-label-{{ option.product_option_id }}-{{option_value.product_option_value_id}}"{% else %}title="{{ option_value.price_prefix }}{{ option_value.price }}"{% endif %}]]>
			</add>
		</operation>
	</file>

	<file path="catalog/view/theme/oct_ultrastore/template/octemplates/module/oct_popup_purchase.twig" error="log">
		<operation error="log">
			<search>
				<![CDATA[{{ price }}]]>
			</search>
			<add position="replace">
				<![CDATA[{% if live_options.status %}<span id="{{ live_options.css.price_id }}" data-id="{{ live_options.css.price_id }}">{{ price }}</span>{% else %}{{ price }}{% endif %}]]>
			</add>
		</operation>
	</file>

	<file path="catalog/view/theme/oct_ultrastore/template/octemplates/module/oct_popup_purchase.twig" error="log">
		<operation error="log">
			<search>
				<![CDATA[{{ special }}]]>
			</search>
			<add position="replace">
				<![CDATA[{% if live_options.status %}<span id="{{ live_options.css.special_id }}" data-id="{{ live_options.css.special_id }}">{{ special }}</span>{% else %}{{ special }}{% endif %}]]>
			</add>
		</operation>
	</file>

<!-- 
	<file path="catalog/view/theme/oct_ultrastore/template/octemplates/module/oct_popup_purchase.twig" error="log">
		<operation error="log">
			<search>
				<![CDATA[{% if oct_popup_purchase_data.mask is defined and oct_popup_purchase_data.mask is not empty %}]]>
			</search>
			<add position="before">
				<![CDATA[{% if live_options.status %}<script type="text/javascript" src="{{ live_options.js }}"></script>{% endif %}]]>
			</add>
		</operation>
	</file>
 -->
</modification>
