<?xml version="1.0" encoding="utf-8"?>

<!--
This file is subject to the terms and conditions defined in the "LICENSE.txt"
file, which is part of this source code package and is also available on the
page: https://raw.githubusercontent.com/ocmod-space/license/main/LICENSE.txt.
-->

<modification>
	<name>[underr] !Live Product+ > posthemes </name>
	<code>live-product--posthemes</code>
	<version>1.2.0</version>
	<author>Andrii Burkatskyi aka underr</author>
	<link>https://github.com/ocmod-space/ocmod-live-product</link>

	<file path="catalog/controller/extension/module/live_product.php" error="log" info="color swatches compatibility">
		<operation error="log" info="color swatches">
			<search>
				<![CDATA[$(document).ready(function() {]]>
			</search>
			<add position="before">
				<![CDATA[// Color swatches
$(document).off('click', 'li.swatches-options a').on('click', 'li.swatches-options a', function (ev) {
	let option_id = $(this).closest('ul').data('product-option');
	let option_value_id = $(this).data('product-option-value-id');

	let id = 'live-option-' + option_id + '-' + option_value_id;
	let el = $('#' + id);


	if (el.prop('tagName') == 'OPTION' || el.prop('tagName') == 'SPAN') {
		let parent_li = $(this).closest('li');
		let el_prop;

		if (el.prop('tagName') == 'OPTION') {
			el_prop = 'selected';
		} else if (el.prop('tagName') == 'SPAN') {
			el_prop = 'checked';

			el = el.closest('label :input');
		}

		if (parent_li.hasClass('checked')) {
			el.prop(el_prop, true);

			document.getElementById('live-option-' + option_id + '-' + option_value_id).click();
		} else {
			el.prop(el_prop, false);

			update();
		}
	}
});]]>
			</add>
		</operation>
	</file>

	<file path="catalog/view/theme/tt_*/template/product/product.twig" error="log">
		<operation error="log" info="color swatches compatibility fix">
			<search>
				<![CDATA[title="{{ option_value.name }} {% if option_value.price %}({{ option_value.price_prefix }}{{ option_value.price }})]]>
			</search>
			<add position="replace">
				<![CDATA[title="{{ option_value.name }} {% if option_value.price %}({{  option_value.price_prefix  }}{{  option_value.price  }})]]>
			</add>
		</operation>
	</file>

	<file path="catalog/view/theme/*/template/product/ocquickview/product.twig" error="log">
		<operation error="log" info="color swatches compatibility fix">
			<search>
				<![CDATA[title="{{ option_value.name }} {% if option_value.price %}({{ option_value.price_prefix }}{{ option_value.price }})]]>
			</search>
			<add position="replace">
				<![CDATA[title="{{ option_value.name }} {% if option_value.price %}({{  option_value.price_prefix  }}{{  option_value.price  }})]]>
			</add>
		</operation>
	</file>

	<file path="catalog/view/theme/*/template/product/ocquickview/product.twig" error="log">
		<operation error="log">
			<search>
				<![CDATA[<option value="{{ option_value.product_option_value_id }}">]]>
			</search>
			<add position="replace">
				<![CDATA[<option {% if live_product.status %}id="{{ live_product.css.option_id }}-{{ option.product_option_id }}-{{option_value.product_option_value_id}}"{% endif %} value="{{ option_value.product_option_value_id }}">]]>
			</add>
		</operation>
	</file>
	<file path="catalog/view/theme/*/template/product/ocquickview/product.twig" error="log">
		<operation error="log">
			<search>
				<![CDATA[({{ option_value.price_prefix }}{{ option_value.price }})]]>
			</search>
			<add position="replace">
				<![CDATA[
				{% if live_product.status %}
                    <span id="{{ live_product.css.option_id }}-{{ option.product_option_id }}-{{option_value.product_option_value_id}}"></span>
                  {% else %}
                    ({{ option_value.price_prefix }}{{ option_value.price }})
                  {% endif %}
                {% else %}
                  {% if live_product.status %}
                    <span id="{{ live_product.css.option_id }}-{{ option.product_option_id }}-{{option_value.product_option_value_id}}"></span>
                  {% endif %}]]>
			</add>
		</operation>
	</file>
	<file path="catalog/view/theme/*/template/product/ocquickview/product.twig" error="log">
		<operation error="log">
			<search>
				<![CDATA[{{ price }}]]>
			</search>
			<add position="replace">
				<![CDATA[{% if live_product.status %}<span id="{{ live_product.css.price_id }}" data-id="{{ live_product.css.price_id }}">{{ price }}</span>{% else %}{{ price }}{% endif %}]]>
			</add>
		</operation>
	</file>
	<file path="catalog/view/theme/*/template/product/ocquickview/product.twig" error="log">
		<operation error="log">
			<search>
				<![CDATA[>{{ special }}<]]>
			</search>
			<add position="replace">
				<![CDATA[{% if live_product.status %} id="{{ live_product.css.special_id }}" data-id="{{ live_product.css.special_id }}">{{ special }}<{% else %}>{{ special }}<{% endif %}]]>
			</add>
		</operation>
	</file>
	<file path="catalog/view/theme/*/template/product/ocquickview/product.twig" error="log">
		<operation error="log">
			<search>
				<![CDATA[{% if discounts %}]]>
			</search>
			<add position="replace">
				<![CDATA[{% if discounts and not special %}]]>
			</add>
		</operation>
	</file>
	<file path="catalog/view/theme/*/template/product/ocquickview/product.twig" error="log">
		<operation error="log">
			<search>
				<![CDATA[{{ discount.price }}]]>
			</search>
			<add position="replace">
				<![CDATA[{% if live_product.status %}<span id="{{ live_product.css.discount_id }}-{{ discount.quantity }}" data-id="{{ live_product.css.discount_id }}-{{ discount.quantity }}">{{ discount.price }}</span>{% else %}{{ discount.price }}{% endif %}]]>
			</add>
		</operation>
	</file>
	<file path="catalog/view/theme/*/template/product/ocquickview/product.twig" error="log">
		<operation error="log">
			<search>
				<![CDATA[{{ reward }}]]>
			</search>
			<add position="replace">
				<![CDATA[{% if live_product.status %}<span id="{{ live_product.css.reward_id }}" data-id="{{ live_product.css.reward_id }}">{{ reward }}</span>{% else %}{{ reward }}{% endif %}]]>
			</add>
		</operation>
	</file>
	<file path="catalog/view/theme/*/template/product/ocquickview/product.twig" error="log">
		<operation error="log">
			<search>
				<![CDATA[{{ tax }}]]>
			</search>
			<add position="replace">
				<![CDATA[{% if live_product.status %}<span id="{{ live_product.css.tax_id }}" data-id="{{ live_product.css.tax_id }}">{{ tax }}</span>{% else %}{{ tax }}{% endif %}]]>
			</add>
		</operation>
	</file>
	<file path="catalog/view/theme/*/template/product/ocquickview/product.twig" error="log">
		<operation error="log">
			<search>
				<![CDATA[{{ points }}]]>
			</search>
			<add position="replace">
				<![CDATA[{% if live_product.status %}<span id="{{ live_product.css.points_id }}" data-id="{{ live_product.css.points_id }}">{{ points }}</span>{% else %}{{ points }}{% endif %}]]>
			</add>
		</operation>
	</file>

	<file path="catalog/view/theme/*/template/product/ocquickview/product.twig" error="log">
		<operation error="log">
			<search>
				<![CDATA[{{ text_stock }}]]>
			</search>
			<add position="after">
				<![CDATA[
				{% if live_product.status and live_product.product_weight %}<li>{{ text_weight }} <span id="{{ live_product.css.weight_id }}"></span></li>{% endif %}]]>
			</add>
		</operation>
	</file>

	<file path="catalog/view/theme/*/template/product/ocquickview/product.twig" error="log">
		<operation error="log">
			<search index="0">
				<![CDATA[<script type="text/javascript">]]>
			</search>
			<add position="before">
				<![CDATA[
				{% if live_product.status %}<script type="text/javascript" src="{{ live_product.js }}"></script>{% endif %}]]>
			</add>
		</operation>

		<operation error="log" info="preloader support">
			<search>
				<![CDATA[{% if live_product.status %}<span id="{{ live_product.css.price_id }}" data-id="{{ live_product.css.price_id }}">{{ price }}</span>{% else %}{{ price }}{% endif %}]]>
			</search>
			<add position="replace">
				<![CDATA[{% if live_product.status %}<span id="{{ live_product.css.price_id }}" data-id="{{ live_product.css.price_id }}">{{ price }}</span>{% else %}{{ price }}{% endif %}{% if live_product.status and live_product.svg %}{{ live_product.svg }}{% endif %}]]>
			</add>
		</operation>
	</file>


	<file path="admin/controller/extension/module/live_product.php" error="log" info="QuickView event">
		<operation error="log">
			<search>
				<![CDATA[$this->model_setting_event->addEvent('live_product_add_data']]>
			</search>
			<add position="after">
				<![CDATA[
		$this->model_setting_event->addEvent('live_product_add_data', 'catalog/view/product/ocquickview/*/before', 'extension/module/live_product/addModuleData');
		$this->model_setting_event->addEvent('live_product_hide_extax', 'catalog/view/product/ocquickview/*/before', 'extension/module/live_product/hideExTax');]]>
			</add>
		</operation>
	</file>

	<file path="catalog/view/javascript/ocquickview/ocquickview.js|catalog/view/javascript/opentheme/ocquickview/ocquickview.js" error="log" info="QuickView">
		<operation error="log">
			<search>
				<![CDATA[$('#quickview-bg-block').hide()]]>
			</search>
			<add position="before">
				<![CDATA[
var tags_options = [
	'[id^="input-option"] input[type="checkbox"]',
	'[id^="input-option"] input[type="radio"]',
	'select[id^="input-option"]',
];

$(document).off('click', tags_options.join(','));

var tag_quantity = 'input[name="quantity"]';

$(document).off('input paste', tags_options.join(','));

console.log('')
]]>
			</add>
		</operation>

	</file>
</modification>
