<?xml version="1.0" encoding="utf-8"?>

<!--
This file is subject to the terms and conditions defined in the "LICENSE.txt"
file, which is part of this source code package and is also available on the
page: https://raw.githubusercontent.com/ocmod-space/license/main/LICENSE.txt.
-->

<modification>
	<name>[underr] Live Product+ &lt; Price Range</name>
	<code>live-product--price-range</code>
	<version>1.1.0</version>
	<author>Andrii Burkatskyi aka underr</author>
	<link>https://github.com/ocmod-space/ocmod-live-product</link>

	<file path="catalog/controller/extension/module/live_product.php" error="log">
		<operation error="log">
			<search><![CDATA[$json['success'] = true;]]></search>
			<add position="before"><![CDATA[			/// << Live Product+ > Price Range
			if ($this->config->get('module_price_range_status')) {
				if (!$this->hasSelected($post_option)) {
					$this->load->model('extension/module/price_range');

					$price_range = $this->model_extension_module_price_range->getPriceRanges($product_id, $quantity);

					if (isset($price_range)) {
						if (isset($price_range['price'])) {
							$json['product']['price'] = $price_range['price'];
						}

						if (isset($price_range['special'])) {
							$json['product']['special'] = $price_range['special'];
						}

						if (isset($price_range['discounts'])) {
							$json['product']['discounts'] = $price_range['discounts'];
						}

						if (isset($price_range['extax'])) {
							$json['product']['extax'] = $price_range['extax'];
						}
					}
				}
			}
			/// Live Product+ > Price Range >>]]>
			</add>
		</operation>
	</file>
</modification>
