<?xml version="1.0" encoding="utf-8"?>

<!--
This file is part of "Live Options+" project and subject to the terms
and conditions defined in file "LICENSE.txt", which is part of this source
code package and also available on the project page: https://git.io/JJvbv.
-->

<modification>
	<name>[underr] Compatibility Fix: Live Options+ > Price Range</name>
	<code>live-options-price-range</code>
	<version>1.0.0</version>
	<author>Andrii Burkatskyi aka underr</author>
	<link>https://git.io/JfjUj</link>

	<file path="catalog/controller/extension/module/live_options.php" error="log">
		<operation error="log">
			<search><![CDATA[$json['success'] = true;]]></search>
			<add position="before"><![CDATA[			/// << Live Options+ > Price Range
			if ($this->config->get('module_price_range_status')) {
				if (!$this->hasSelected($post_option)) {
					$this->load->model('extension/module/price_range');

					$price_range = $this->model_extension_module_price_range->getPriceRanges($product_id, $quantity);

					if (isset($price_range)) {
						if (isset($price_range['price'])) {
							$json['product']['price'] = $price_range['price'];
						}

						if (isset($price_range['special'])) {
							$json['product']['special'] = $price_range['special'];
						}

						if (isset($price_range['discounts'])) {
							$json['product']['discounts'] = $price_range['discounts'];
						}

						if (isset($price_range['extax'])) {
							$json['product']['extax'] = $price_range['extax'];
						}
					}
				}
			}
			/// Live Options+ > Price Range >>]]>
			</add>
		</operation>
	</file>
</modification>
